<?xml version="1.0" encoding="UTF-8" standalone="yes" ?>
<?tpi version="0220" ?>
<build id="6duj48us">
   <tpi id="BIOS-EC">
      <xrelease cpu="X86" order="RELEASE">
         <release id="RELEASE">
            <title><gd tpipath="data/resolve[@method=LANGUAGE]">NAME</gd></title>
            <version>3.22-1.07</version>
            <setup form="2"><gd tpipath="data/resolve[@method=BIOSID]">SETUP</gd></setup>
            <setup method="SILENT" form="2"><gd tpipath="data/resolve[@method=BIOSID]">SETUP.SILENT</gd></setup>
            <uninstall>@SYS\BIOS-EC</uninstall>
            <os id="9X">[98,]</os>
            <os id="NT">[NT,]</os>
         </release>
      </xrelease>
      <data>
         <resolve method="BIOSID" default="*">
            <item id="*">
               <data id="SETUP"></data>
               <data id="SETUP.SILENT"></data>
            </item>
            <item id="6D">
               <data id="SETUP">\..\winuptp.exe -r</data>
               <data id="SETUP.SILENT">\..\winuptp.exe -sr</data>
            </item>
         </resolve>
         <resolve method="LANGUAGE" default="0009">
            <item id="0009">
               <data id="NAME">ThinkPad BIOS Update</data>
            </item>
            <item id="0011">
               <data id="NAME">BIOS</data>
            </item>
         </resolve>
      </data>
   </tpi>
</build>
